variant_name,canonical_name
Ecom Express',Ecom Express
Blueadart,Bluedart
Delivery,Delhivery
Delhviery,Delhivery
Delhviry,Delhivery
Delhveriy,Delhivery
Dehlivery,Delhivery
Delevery,Delhivery
Delhvery,Delhivery
Xpressbess,Xpressbees
Expressbees,Xpressbees
Xpreesbees,Xpressbees
Xpreebees,Xpressbees
Xpreesbee,Xpressbees
Xpreesbeee,Xpressbees
Xpresbees,Xpressbees
Xxpressbees,Xpressbees
Indian Post,India Post
Delhivery Surfac,Delhivery Surface
Delhivery Surf,Delhivery Surface
Delhivery Surfa,Delhivery Surface
Delhvery Surface,Delhivery Surface
Akash Roadways,Aakash Roadways
Xpressbiss Surface,Xpressbees Surface
Pressbees Surface,Xpressbees Surface
Xpressbees Surfac,Xpressbees Surface
Trackon Couriers,Trackon Courier
VRL Logistic,VRL Logistics
Shrinatth Cargo,Shrinath Cargo
Jamangar Transport,Jamnagar Transport
Jamnagr Transport,Jamnagar Transport
Pavan Parcle Service,Pavan Parcel Service
Kishna,Kishan
Girnar Logistics,Girnar Logistic
Jalaram Trasnport,Jalaram Transport
Shree Malan Roadline,Shree Malan Roadlines
Udan,Udaan
Ishani Transport,Ishani Tranport
Isaani Transport,Ishani Tranport
Shrinath Solitire,Shrinath Solitaire
Shiva Trans Lime,Shiva Trans Line
Delhi Rajsthan Transport,Delhi Rajasthan Transport
Ecome,Ecom
Akash Transport,Aakash Transport
Araman Transport,Arman Transport
Jai Ganesh Transport,Jay Ganesh Transport
Hgr Logistic,Hgr Logisitics
Hgr Logistics,Hgr Logisitics
Hgc Logistics,Hgr Logisitics
Maa Annpurna Transport,Maa Annapurna Transport
Pavan Travels,Paavan Travels
Ecomexepress,Ecommexpress
Delivery Courier,Delhivery Courier
Sanroshi Transport,Santoshi Transport
Kishan Driver Lalit,Kishan Driver :Lalit
Nandan Coourier,Nandan Corier
Nandan Courier,Nandan Corier
Shrianth,Shrinath
TCI Driver: Krunal Bhai,TCI Driver: Kunal Bhai
Ashapura,Aashapura
Azad Transport,Aazad Transport
Shre Raj,Shree Raj
Xprees,Xpress
Ashapura Transport,Aashapura Transport
Shree Nasik Goods,Shree Nashik Goods
Sree Nasik Goods,Shree Nashik Goods
Zalavad Transport,Zalawad Transport
Expressbees-2 Parecel,Expressbees-2 Parcel
Expressbees-2 Prcel,Expressbees-2 Parcel
Jai Ganesh,Jay Ganesh
Om Logistic,Om Logistics
Shyam Roadlines,Shayam Roadlines
